AAK,3
ADA,3
ADV,3
AEL,3
AEM,3
AGH,3
AII,3
AIL,3
AKV,3
AKY,3
ALE,3
ALG,3
AMN,3
AQG,3
AQS,3
ASE,3
ATK,3
DAQ,3
DIA,3
DIL,3
DLK,3
DRV,3
DVA,3
EAD,3
EAE,6
EAI,3
EDL,3
EFI,3
EGE,3
EKF,3
ELF,3
ELG,10
ELK,3
ELL,1
ELY,1
EMK,3
ETL,3
EWQ,3
FDR,3
FGA,3
FIS,3
FKS,3
FRK,3
GAD,3
GAI,3
GAM,3
GEL,9
GEW,3
GGE,8
GHG,3
GHH,3
GMV,2
GNF,3
GQD,3
GVT,3
GYQ,4
HAT,3
HEA,3
HGQ,3
HGV,3
HHE,3
HKI,3
HLK,3
HPE,3
HPG,3
HSR,3
HVL,3
HVW,3
IAA,3
IHV,3
IIH,3
IKY,3
ILI,3
ILK,3
IPI,3
IRL,3
ISE,3
KAL,3
KAS,3
KDI,3
KEL,3
KFD,3
KGH,3
KHG,3
KHK,3
KHL,3
KIP,3
KKG,3
KKH,3
KKK,3
KPL,3
KSH,3
KTE,3
KVE,3
KYK,3
KYL,3
LAQ,3
LEF,3
LEK,3
LEL,3
LFK,3
LFR,3
LGA,3
LGG,7
LGY,4
LHS,3
LHV,3
LIR,3
LKK,6
LKP,3
LKT,3
LLG,1
LSE,3
LTA,3
LVL,3
LYQ,1
MKA,3
MNK,3
MVL,3
NFG,3
NKA,3
PET,3
PGN,3
PIK,3
PLA,3
QDI,3
QGA,3
QGE,1
QGG,2
QGM,2
QLV,3
QSH,3
RHP,3
RKD,3
RLF,3
RVK,3
SEA,3
SED,3
SEG,3
SHA,3
SHP,3
SRH,3
TAL,3
TEA,3
TKH,3
TLE,3
TVL,3
VAG,3
VEA,3
VKH,3
VLH,6
VLS,3
VLT,3
VTV,3
VWA,3
WAK,3
WQL,3
YKE,3
YLE,3
YQG,5
