AAK,6
ADA,6
ADV,6
AEL,6
AEM,6
AGH,6
AII,6
AIL,6
AKV,6
AKY,6
ALE,6
ALG,6
AMN,6
AQG,6
AQS,6
ASE,6
ATK,6
DAQ,6
DIA,6
DIL,6
DLK,6
DRV,6
DVA,6
EAD,6
EAE,12
EAI,6
EDL,6
EFI,6
EGE,6
EKF,6
ELF,6
ELG,18
ELK,6
ELL,2
ELY,2
EMK,6
ETL,6
EWQ,6
FDR,6
FGA,6
FIS,6
FKS,6
FRK,6
GAD,6
GAI,6
GAM,6
GEL,16
GEW,6
GGE,14
GGM,1
GGq,1
GHG,6
GHH,6
GMV,5
GNF,6
GQD,6
GVT,6
GYQ,8
Gqw,1
HAT,6
HEA,6
HGQ,6
HGV,6
HHE,6
HKI,6
HLK,6
HPE,6
HPG,6
HSR,6
HVL,6
HVW,6
IAA,6
IHV,6
IIH,6
IKY,6
ILI,6
ILK,6
IPI,6
IRL,6
ISE,6
KAL,6
KAS,6
KDI,6
KEL,6
KFD,6
KGH,6
KHG,6
KHK,6
KHL,6
KIP,6
KKG,6
KKH,6
KKK,6
KPL,6
KSH,6
KTE,6
KVE,6
KYK,6
KYL,6
LAQ,6
LEF,6
LEK,6
LEL,6
LFK,6
LFR,6
LGA,6
LGG,12
LGY,8
LHS,6
LHV,6
LIR,6
LKK,12
LKP,6
LKT,6
LLG,2
LSE,6
LTA,6
LVL,6
LYQ,2
MKA,6
MNK,6
MVL,6
NFG,6
NKA,6
PET,6
PGN,6
PIK,6
PLA,6
QDI,6
QGA,6
QGE,2
QGG,4
QGM,4
QLV,6
QSH,6
RHP,6
RKD,6
RLF,6
RVK,6
SEA,6
SED,6
SEG,6
SHA,6
SHP,6
SRH,6
TAL,6
TEA,6
TKH,6
TLE,6
TVL,6
VAG,6
VEA,6
VKH,6
VLH,12
VLS,6
VLT,6
VTV,6
VWA,6
WAK,6
WQL,6
YKE,6
YLE,6
YQG,10
qwq,2
wqw,2
