AAA,1
AAP,1
ADE,1
AED,1
AGA,1
AIE,1
AIL,1
AKI,1
ALH,1
ALL,1
APK,2
ASE,1
ASP,1
ASR,1
DAG,1
DDD,5
DDE,3
DDI,1
DED,2
DEE,4
DEG,3
DEL,1
DEN,1
DEV,1
DFY,1
DHS,1
DID,1
DIK,1
DIW,1
DKS,1
DLT,1
DMD,1
DPS,1
DRL,1
EAE,1
EAI,1
EAL,1
EDD,3
EDE,4
EDI,2
EDK,1
EEA,1
EED,3
EEE,2
EEG,4
EEI,1
EEP,1
EFE,1
EFH,1
EGD,1
EGE,5
EGL,1
EHI,1
EID,1
EIK,1
EIL,1
EKE,1
ELG,1
ELI,1
ENK,1
ENP,1
EPE,1
EQA,1
EQK,1
EQQ,1
ESF,1
ESG,1
EVI,1
EVQ,1
EVT,1
FDE,1
FED,1
FEN,1
FFQ,1
FFT,1
FHL,1
FQK,1
FTD,1
FTW,1
FVN,1
FWV,1
FYF,1
GAD,1
GDE,1
GDP,1
GEA,1
GED,1
GEE,4
GEK,1
GEV,1
GKD,1
GLE,1
GLP,1
GYR,1
HEE,1
HID,1
HLN,1
HPQ,1
HSD,1
HYL,1
IAK,1
IDE,2
IDF,1
IDR,1
IEH,1
IKD,1
IKS,1
IKW,1
ILK,1
ILP,1
IPN,1
IWP,1
KAS,1
KDD,1
KDL,1
KEF,1
KEQ,1
KGE,1
KIP,1
KKP,1
KLE,1
KLR,1
KPR,1
KRQ,2
KRS,2
KSA,1
KSG,2
KST,1
KVE,1
KVL,1
KWK,1
KYN,1
LED,2
LGE,2
LHY,1
LIA,1
LKV,1
LLG,1
LNE,2
LPK,1
LPQ,1
LQY,1
LRQ,1
LSK,1
LTK,1
LTR,1
LVP,1
MAP,1
MDD,1
NEI,1
NEQ,1
NES,1
NFW,1
NHP,1
NKA,1
NKL,1
NKV,1
NPL,1
NPY,1
PAA,1
PDM,1
PES,1
PFF,1
PGL,1
PKG,1
PKK,1
PKL,1
PKR,1
PLQ,1
PNF,1
PNP,1
PQP,1
PQV,1
PRP,1
PSS,1
PYF,1
QAS,1
QEA,1
QHE,1
QKR,1
QKY,1
QNE,1
QNK,1
QPF,1
QPK,1
QQE,1
QSA,1
QTQ,1
QVS,1
QYY,1
RID,1
RKR,1
RLN,1
RPA,1
RQH,1
RQP,1
RQS,1
RSE,1
RSS,1
RVE,1
SAI,1
SAL,1
SAS,1
SDA,1
SEE,1
SEL,1
SFF,1
SGD,1
SGK,1
SGY,1
SKE,1
SKS,1
SPG,1
SQT,1
SRK,1
SSK,1
SSQ,1
STE,1
TDH,1
TEF,1
TEI,1
TFV,1
TKR,1
TQN,1
TRV,1
TTF,1
TWF,1
VEQ,1
VEV,1
VIK,1
VLS,1
VNH,1
VPD,1
VQN,1
VSA,1
VTE,1
VTT,1
WFT,1
WKS,1
WPN,1
WVT,1
YFD,1
YFE,1
YLT,1
YLV,1
YNK,1
YRI,1
YYL,1
